tree_order	std_name	accession	replicate
1	BFC	ERR9594024	1
2	AGL	ERR9593709	1
3	ABE	ERR9593611	1
4	SACE_YAM	ERR9594547	1
5	BKI	ERR9594102	1
6	ABR	ERR9593621	1
7	ABQ	ERR9593620	1
8	BNV	ERR9594165	1
9	BPB	ERR9594168	1
10	BPT	ERR9594181	1
11	BQM	ERR9594191	1
12	BFK	ERR9594029	1
13	BQS	ERR9594196	1
14	BQE	ERR9594187	1
15	AIN	ERR9593751	1
16	BQR	ERR9594195	1
17	BLT	ERR9594128	1
18	AIF	ERR9593744	1
19	AQR	ERR9593854	1
20	BPF	ERR9594169	1
21	BLR	ERR9594127	1
22	BNL	ERR9594158	1
23	BPK	ERR9594173	1
24	BKQ	ERR9594108	1
25	BPG	ERR9594170	1
26	BPH	ERR9594171	1
27	BQT	ERR9594197	1
28	APT	ERR9593842	1
29	BID	ERR9594079	1
30	AGI	ERR9593707	1
31	BHV	ERR9594075	1
32	BNE	ERR9594151	1
33	BLA	ERR9594112	1
34	BKT	ERR9594111	1
35	BIA	ERR9594076	1
36	BKL	ERR9594104	1
37	BIB	ERR9594077	1
38	BKK	ERR9594103	1
39	BLQ	ERR9594126	1
40	SACE_YBY	ERR9594579	1
41	SACE_YDF	ERR9594607	1
42	SACE_YDO	ERR9594614	1
43	AHG	ERR9593725	1
43	AHG	ERR9593726	2
44	AII	ERR9593747	1
45	AHD	ERR9593721	1
45	AHD	ERR9593722	2
47	AHE	ERR9593723	1
48	AQQ	ERR9593853	1
49	ASG	ERR9593879	1
51	ASE	ERR9593878	1
52	AIQ	ERR9593753	1
53	BLG	ERR9594119	1
54	BLI	ERR9594121	1
55	ACP	ERR9593639	1
56	BQA	ERR9594183	1
57	AMA	ERR9593793	1
58	ALQ	ERR9593788	1
59	BBI	ERR9593950	1
60	ALT	ERR9593791	1
61	BBK	ERR9593951	1
62	BFB	ERR9594023	1
63	BFD	ERR9594025	1
64	ALS	ERR9593790	1
65	BBH	ERR9593948	1
65	BBH	ERR9593949	2
66	BPQ	ERR9594179	1
67	BQN	ERR9594192	1
68	CBI	ERR9594278	1
69	CCM	ERR9594292	1
70	BEP	ERR9594016	1
71	BRC	ERR9594200	1
72	CGT	ERR9594366	1
73	ALL	ERR9593784	1
74	ALM	ERR9593785	1
75	AVH	ERR9593907	1
76	AHR	ERR9593735	1
78	AGH	ERR9593706	1
79	BTH	ERR9594232	1
80	ATH	ERR9593895	1
81	BFQ	ERR9594034	1
82	CIA	ERR9594388	1
82	CIA	ERR9594389	2
83	BFR	ERR9594035	1
83	BFR	ERR9594036	2
84	CIB	ERR9594390	1
85	CBG	ERR9594275	1
86	ACF	ERR9593630	1
87	SACE_YCD	ERR9594584	1
89	ARC	ERR9593859	1
90	BER	ERR9594018	1
91	BES	ERR9594019	1
92	ARK	ERR9593864	1
93	ATA	ERR9593889	1
94	ARQ	ERR9593869	1
95	SACE_YBN	ERR9594569	1
96	APV	ERR9593843	1
97	CFV	ERR9594349	1
98	SACE_YDC	ERR9594604	1
99	SACE_GAP	ERR9594533	1
100	AAI	ERR9593597	1
101	ARV	ERR9593873	1
102	BHC	ERR9594060	1
103	BHF	ERR9594063	1
104	BLB	ERR9594113	1
105	BPP	ERR9594178	1
106	BTN	ERR9594235	1
107	BTL	ERR9594234	1
108	CRH	ERR9594518	1
109	SACE_YAA	ERR9594540	1
110	BSP	ERR9594221	1
111	AHT	ERR9593737	1
112	ATN	ERR9593897	1
112	ATN	ERR9593898	2
114	BNK	ERR9594157	1
115	BNR	ERR9594163	1
116	BQH	ERR9594189	1
117	BEQ	ERR9594017	1
118	AIK	ERR9593748	1
119	CAH	ERR9594258	1
120	CBA	ERR9594269	1
121	CAI	ERR9594259	1
122	CAK	ERR9594260	1
123	CAL	ERR9594261	1
124	BSL	ERR9594218	1
125	SACE_YBX	ERR9594578	1
126	BSE	ERR9594215	1
129	BEV	ERR9594021	1
130	BET	ERR9594020	1
131	BST	ERR9594224	1
132	ASS	ERR9593886	1
133	BSD	ERR9594214	1
134	ATM	ERR9593896	1
135	CQT	ERR9594511	1
136	BSA	ERR9594211	1
137	ADR	ERR9593659	1
138	BSC	ERR9594213	1
139	CFQ	ERR9594346	1
140	CFR	ERR9594347	1
141	BSB	ERR9594212	1
142	ADC	ERR9593647	1
143	SACE_YCP	ERR9594596	1
144	SACE_YCQ	ERR9594597	1
145	BII	ERR9594084	1
146	BIS	ERR9594092	1
147	BIG	ERR9594082	1
148	AIR	ERR9593754	1
149	AIT	ERR9593755	1
150	BNF	ERR9594152	1
151	BAR	ERR9593936	1
152	BAS	ERR9593937	1
153	BAT	ERR9593938	1
153	BAT	ERR9593939	2
154	BRD	ERR9594201	1
155	AGV	ERR9593717	1
156	BQI	ERR9594190	1
157	AGA	ERR9593701	1
157	AGA	ERR9593702	2
158	AGS	ERR9593715	1
160	BKE	ERR9594097	1
161	BLH	ERR9594120	1
162	CRG	ERR9594517	1
163	AIL	ERR9593749	1
164	AMS	ERR9593807	1
165	BLE	ERR9594117	1
166	ADB	ERR9593646	1
167	BQB	ERR9594184	1
169	ABT	ERR9593623	1
170	BRA	ERR9594198	1
171	BIC	ERR9594078	1
172	BLK	ERR9594122	1
173	BBV	ERR9593959	1
174	BVK	ERR9594248	1
175	CFE	ERR9594339	1
176	BRF	ERR9594203	1
177	BSM	ERR9594219	1
178	BSN	ERR9594220	1
179	CPE	ERR9594481	1
181	BQC	ERR9594185	1
181	BQC	ERR9594186	2
182	BRE	ERR9594202	1
183	BPV	ERR9594182	1
184	CRC	ERR9594515	1
185	BHN	ERR9594069	1
186	BBB	ERR9593942	1
187	BAV	ERR9593940	1
188	CAE	ERR9594256	1
189	CAF	ERR9594257	1
190	CRL	ERR9594521	1
191	BBA	ERR9593941	1
192	SACE_YAY	ERR9594557	1
193	ADI	ERR9593653	1
194	SACE_YBA	ERR9594559	1
195	SACE_YAZ	ERR9594558	1
196	BMI	ERR9594138	1
197	SACE_YBE	ERR9594561	1
198	BMK	ERR9594139	1
199	SACE_YBF	ERR9594562	1
200	BMH	ERR9594137	1
201	ADD	ERR9593648	1
202	SACE_YBB	ERR9594560	1
203	SACE_YBG	ERR9594563	1
204	SACE_YBH	ERR9594564	1
205	CDS	ERR9594316	1
206	BIM	ERR9594087	1
207	BIN	ERR9594088	1
208	BKA	ERR9594094	1
209	BQQ	ERR9594194	1
210	ADS	ERR9593660	1
211	BNM	ERR9594159	1
212	ACR	ERR9593641	1
213	BIH	ERR9594083	1
214	BKC	ERR9594095	1
216	BKD	ERR9594096	1
217	BNP	ERR9594161	1
218	BKN	ERR9594106	1
219	BNQ	ERR9594162	1
220	CBH	ERR9594276	1
220	CBH	ERR9594277	2
221	BKH	ERR9594101	1
222	BPM	ERR9594176	1
223	BKP	ERR9594107	1
224	CRA	ERR9594513	1
225	CRB	ERR9594514	1
226	CHC	ERR9594370	1
227	CGS	ERR9594365	1
228	CHB	ERR9594369	1
229	CHD	ERR9594371	1
230	CGV	ERR9594367	1
231	CHA	ERR9594368	1
232	CHE	ERR9594372	1
233	AHI	ERR9593728	1
234	BKM	ERR9594105	1
235	BIF	ERR9594081	1
236	BKG	ERR9594099	1
236	BKG	ERR9594100	2
237	BKF	ERR9594098	1
238	BLL	ERR9594123	1
239	ARL	ERR9593865	1
240	CKI	ERR9594416	1
240	CKI	ERR9594417	2
241	CKL	ERR9594419	1
242	CKH	ERR9594415	1
243	CKD	ERR9594411	1
244	CKE	ERR9594412	1
245	CIS	ERR9594405	1
246	BMN	ERR9594142	1
247	CIT	ERR9594406	1
248	CKP	ERR9594421	1
249	CKQ	ERR9594422	1
250	CKB	ERR9594409	1
251	CKC	ERR9594410	1
252	CIQ	ERR9594403	1
253	CIM	ERR9594400	1
254	CIN	ERR9594401	1
255	CIR	ERR9594404	1
256	CKF	ERR9594413	1
257	CKG	ERR9594414	1
259	CIP	ERR9594402	1
260	BCA	ERR9593960	1
261	AMT	ERR9593808	1
262	CIV	ERR9594407	1
263	CKT	ERR9594425	1
264	BIL	ERR9594086	1
265	ABS	ERR9593622	1
266	BIP	ERR9594089	1
267	BIQ	ERR9594090	1
268	BNI	ERR9594156	1
269	BLV	ERR9594129	1
270	BQG	ERR9594188	1
271	CRD	ERR9594516	1
272	CRI	ERR9594519	1
273	BVM	ERR9594249	1
274	CQV	ERR9594512	1
275	CRK	ERR9594520	1
276	BLF	ERR9594118	1
277	CEA	ERR9594318	1
278	CEB	ERR9594319	1
279	BNT	ERR9594164	1
280	BLD	ERR9594116	1
281	BKR	ERR9594109	1
282	CEC	ERR9594320	1
283	BNH	ERR9594154	1
283	BNH	ERR9594155	2
284	BLC	ERR9594114	1
284	BLC	ERR9594115	2
286	BNN	ERR9594160	1
287	CED	ERR9594321	1
288	BKS	ERR9594110	1
289	BLP	ERR9594125	1
290	BLN	ERR9594124	1
292	CEF	ERR9594322	1
293	ANQ	ERR9593822	1
294	AVK	ERR9593909	1
295	BIK	ERR9594085	1
296	CLH	ERR9594432	1
297	AHN	ERR9593732	1
298	BSG	ERR9594216	1
299	SACE_YCA	ERR9594581	1
300	ACT	ERR9593643	1
301	ACV	ERR9593644	1
302	AKP	ERR9593769	1
303	AKV	ERR9593774	1
304	ALE	ERR9593779	1
305	BQP	ERR9594193	1
306	BRB	ERR9594199	1
307	BIT	ERR9594093	1
308	AQB	ERR9593845	1
309	BRH	ERR9594205	1
310	ABP	ERR9593619	1
311	BIR	ERR9594091	1
312	CPF	ERR9594482	1
313	BNG	ERR9594153	1
314	AIM	ERR9593750	1
315	CFB	ERR9594337	1
316	CHF	ERR9594373	1
317	BHB	ERR9594059	1
318	AAK	ERR9593598	1
319	AHP	ERR9593733	1
320	AET	ERR9593679	1
322	AQE	ERR9593848	1
323	AQP	ERR9593852	1
324	ASA	ERR9593874	1
325	BPL	ERR9594174	1
325	BPL	ERR9594175	2
326	AIP	ERR9593752	1
327	CAN	ERR9594262	1
328	CAB	ERR9594253	1
329	CAP	ERR9594263	1
330	AQC	ERR9593846	1
331	AHK	ERR9593729	1
332	AES	ERR9593678	1
333	AFI	ERR9593690	1
334	BPR	ERR9594180	1
335	AIA	ERR9593739	1
336	BVT	ERR9594250	1
337	CAA	ERR9594252	1
338	CAC	ERR9594254	1
339	BVV	ERR9594251	1
340	CAD	ERR9594255	1
342	CAQ	ERR9594264	1
343	CBB	ERR9594270	1
344	CBE	ERR9594273	1
345	AAE	ERR9593593	1
346	AIB	ERR9593740	1
347	CAS	ERR9594266	1
348	CAR	ERR9594265	1
349	CAT	ERR9594267	1
350	CBC	ERR9594271	1
351	CAV	ERR9594268	1
352	CBD	ERR9594272	1
353	AFV	ERR9593700	1
354	ART	ERR9593872	1
355	AIC	ERR9593741	1
356	SACE_YAF	ERR9594544	1
357	BSR	ERR9594222	1
358	BSS	ERR9594223	1
359	BTR	ERR9594237	1
360	BTP	ERR9594236	1
361	ASR	ERR9593885	1
362	SACE_YDJ	ERR9594610	1
363	AVB	ERR9593904	1
364	CDT	ERR9594317	1
365	CPG	ERR9594483	1
366	ABM	ERR9593618	1
367	AHM	ERR9593731	1
368	AQA	ERR9593844	1
369	AQD	ERR9593847	1
370	ATQ	ERR9593900	1
371	CGD	ERR9594353	1
372	CGE	ERR9594354	1
373	AHL	ERR9593730	1
374	BRK	ERR9594206	1
376	AID	ERR9593742	1
377	AIE	ERR9593743	1
378	SACE_YAE	ERR9594543	1
379	SACE_YDM	ERR9594612	1
380	AGN	ERR9593711	1
380	AGN	ERR9593712	2
381	AST	ERR9593887	1
382	BHE	ERR9594062	1
383	BHD	ERR9594061	1
384	BHM	ERR9594068	1
385	BHT	ERR9594074	1
386	ASV	ERR9593888	1
387	AHF	ERR9593724	1
388	AMP	ERR9593805	1
389	CPB	ERR9594478	1
390	ACS	ERR9593642	1
391	SACE_YCI	ERR9594590	1
393	BHK	ERR9594067	1
394	ACG	ERR9593631	1
395	ACH	ERR9593632	1
396	CHV	ERR9594386	1
396	CHV	ERR9594387	2
397	AFR	ERR9593697	1
398	BVC	ERR9594243	1
399	AEG	ERR9593669	1
400	AGM	ERR9593710	1
401	CNQ	ERR9594472	1
402	AEH	ERR9593670	1
403	AFD	ERR9593683	1
403	AFD	ERR9593684	2
403	AFD	ERR9593685	2
404	AHC	ERR9593720	1
405	BTT	ERR9594239	1
406	APH	ERR9593833	1
407	BTV	ERR9594240	1
408	BVA	ERR9594241	1
409	CMT	ERR9594459	1
410	CNG	ERR9594464	1
411	CNK	ERR9594467	1
412	APG	ERR9593832	1
413	CNM	ERR9594469	1
414	CNP	ERR9594471	1
415	CNR	ERR9594473	1
416	BVB	ERR9594242	1
417	CNI	ERR9594466	1
418	CNH	ERR9594465	1
419	BVH	ERR9594247	1
420	CNN	ERR9594470	1
421	CNF	ERR9594463	1
422	CNB	ERR9594460	1
423	BVG	ERR9594246	1
424	CNE	ERR9594462	1
425	CNL	ERR9594468	1
426	BVD	ERR9594244	1
427	BVF	ERR9594245	1
428	CNS	ERR9594474	1
429	CNT	ERR9594475	1
431	CNV	ERR9594476	1
432	AHB	ERR9593719	1
433	SACE_YBQ	ERR9594571	1
434	CCL	ERR9594291	1
435	BBQ	ERR9593955	1
436	BBS	ERR9593957	1
437	BFP	ERR9594033	1
438	BTG	ERR9594231	1
439	CLC	ERR9594429	1
440	CLB	ERR9594428	1
441	CLD	ERR9594430	1
442	AQM	ERR9593850	1
443	BFN	ERR9594032	1
444	BME	ERR9594134	1
445	ARS	ERR9593871	1
446	ARN	ERR9593867	1
447	BGM	ERR9594050	1
448	BGP	ERR9594052	1
449	BFH	ERR9594028	1
450	BGR	ERR9594054	1
451	ASN	ERR9593883	1
452	BGK	ERR9594048	1
453	BGS	ERR9594055	1
454	BGD	ERR9594043	1
456	ALD	ERR9593778	1
457	BFS	ERR9594037	1
457	BFS	ERR9594038	2
458	BGB	ERR9594041	1
459	BGF	ERR9594045	1
460	BGG	ERR9594046	1
461	ARR	ERR9593870	1
463	BGE	ERR9594044	1
464	BGL	ERR9594049	1
465	BFV	ERR9594039	1
466	BGA	ERR9594040	1
467	BGT	ERR9594056	1
468	BGV	ERR9594057	1
469	BGH	ERR9594047	1
470	BGN	ERR9594051	1
471	BGC	ERR9594042	1
472	BGQ	ERR9594053	1
473	CKV	ERR9594426	1
474	AFL	ERR9593692	1
475	AEN	ERR9593674	1
476	ASC	ERR9593877	1
477	ANL	ERR9593818	1
478	ANM	ERR9593819	1
479	AVN	ERR9593912	1
480	AVP	ERR9593913	1
481	AVQ	ERR9593914	1
481	AVQ	ERR9593915	2
483	AVS	ERR9593916	1
484	AVT	ERR9593917	1
485	BEK	ERR9594012	1
486	BEM	ERR9594013	1
486	BEM	ERR9594014	2
487	BEI	ERR9594011	1
488	BEN	ERR9594015	1
489	BHA	ERR9594058	1
490	BDN	ERR9593993	1
491	CES	ERR9594333	1
493	CET	ERR9594334	1
494	BPI	ERR9594172	1
495	BPN	ERR9594177	1
496	SACE_YDB	ERR9594603	1
497	AAB	ERR9593591	1
498	CBN	ERR9594281	1
498	CBN	ERR9594282	2
500	CFF	ERR9594340	1
501	AFB	ERR9593681	1
502	AFA	ERR9593680	1
503	AFP	ERR9593695	1
505	SACE_YAB	ERR9594541	1
506	AAR	ERR9593603	1
507	AEA	ERR9593663	1
507	AEA	ERR9593664	2
508	BRM	ERR9594207	1
508	BRM	ERR9594208	2
509	AEQ	ERR9593676	1
510	SACE_YAG	ERR9594545	1
511	AAQ	ERR9593602	1
512	ASB	ERR9593875	1
512	ASB	ERR9593876	2
513	APP	ERR9593839	1
514	CPD	ERR9594480	1
515	AIG	ERR9593745	1
515	AIG	ERR9593746	2
516	ARE	ERR9593860	1
517	SACE_YDD	ERR9594605	1
518	AFQ	ERR9593696	1
519	CDM	ERR9594310	1
520	SACE_YCF	ERR9594586	1
521	CFT	ERR9594348	1
522	AER	ERR9593677	1
523	BCV	ERR9593980	1
524	BDB	ERR9593982	1
525	BDD	ERR9593984	1
526	BDA	ERR9593981	1
527	BDE	ERR9593985	1
528	BDH	ERR9593988	1
529	BDI	ERR9593989	1
530	BDK	ERR9593990	1
531	SACE_YCT	ERR9594600	1
532	SACE_YCC	ERR9594583	1
533	BHG	ERR9594064	1
534	BHH	ERR9594065	1
535	BHI	ERR9594066	1
536	SACE_MAA	ERR9594537	1
538	AFF	ERR9593687	1
539	AAL	ERR9593599	1
540	AAM	ERR9593600	1
541	ANP	ERR9593821	1
542	AHV	ERR9593738	1
543	ATS	ERR9593902	1
544	BBP	ERR9593954	1
545	CDR	ERR9594315	1
546	BMG	ERR9594136	1
547	CHL	ERR9594377	1
549	AMK	ERR9593801	1
550	AML	ERR9593802	1
551	AMI	ERR9593800	1
552	AMG	ERR9593798	1
553	AMQ	ERR9593806	1
554	APK	ERR9593835	1
555	APN	ERR9593838	1
556	CIE	ERR9594393	1
557	AEM	ERR9593673	1
558	AFT	ERR9593699	1
559	AQI	ERR9593849	1
560	AFE	ERR9593686	1
561	ATR	ERR9593901	1
562	AFC	ERR9593682	1
563	APM	ERR9593837	1
564	API	ERR9593834	1
565	ASL	ERR9593881	1
566	BTF	ERR9594230	1
567	ASP	ERR9593884	1
568	BCR	ERR9593976	1
569	BCS	ERR9593977	1
570	BCT	ERR9593978	1
570	BCT	ERR9593979	2
571	AGK	ERR9593708	1
572	AGE	ERR9593704	1
573	BTC	ERR9594227	1
574	ABV	ERR9593624	1
575	ALV	ERR9593792	1
576	BBC	ERR9593943	1
577	AMN	ERR9593804	1
578	CFP	ERR9594345	1
579	BBF	ERR9593946	1
580	AAP	ERR9593601	1
581	ALN	ERR9593786	1
582	ALP	ERR9593787	1
583	BBD	ERR9593944	1
584	BBE	ERR9593945	1
586	CHI	ERR9594376	1
587	APL	ERR9593836	1
589	CFI	ERR9594342	1
590	CFN	ERR9594344	1
592	CHH	ERR9594375	1
593	ADL	ERR9593655	1
594	BDL	ERR9593991	1
595	BFM	ERR9594031	1
596	BFE	ERR9594026	1
597	BFG	ERR9594027	1
598	BTD	ERR9594228	1
599	ADM	ERR9593656	1
600	AKT	ERR9593773	1
601	CHG	ERR9594374	1
602	CHR	ERR9594382	1
603	BML	ERR9594140	1
604	BTE	ERR9594229	1
605	BMM	ERR9594141	1
606	CBF	ERR9594274	1
607	CKK	ERR9594418	1
608	CKS	ERR9594424	1
609	CLA	ERR9594427	1
610	SACE_YBW	ERR9594576	1
610	SACE_YBW	ERR9594577	2
611	CPI	ERR9594484	1
612	CPM	ERR9594487	1
613	CPK	ERR9594485	1
614	CPL	ERR9594486	1
615	CPQ	ERR9594489	1
616	CPN	ERR9594488	1
617	CPR	ERR9594490	1
618	ALI	ERR9593782	1
619	BCG	ERR9593966	1
620	BCB	ERR9593961	1
621	BCM	ERR9593972	1
622	BDT	ERR9593999	1
623	BCF	ERR9593965	1
624	BCL	ERR9593970	1
624	BCL	ERR9593971	2
625	BCD	ERR9593963	1
626	BDP	ERR9593994	1
627	BCI	ERR9593968	1
628	BCC	ERR9593962	1
629	BEC	ERR9594004	1
630	BED	ERR9594005	1
631	BCE	ERR9593964	1
632	BCQ	ERR9593975	1
633	BDV	ERR9594000	1
634	BNB	ERR9594148	1
635	BDR	ERR9593996	1
636	BMV	ERR9594146	1
637	BNA	ERR9594147	1
638	BCH	ERR9593967	1
639	BCP	ERR9593974	1
640	BDS	ERR9593997	1
640	BDS	ERR9593998	2
641	BCN	ERR9593973	1
642	BEA	ERR9594001	1
642	BEA	ERR9594002	2
643	BNC	ERR9594149	1
644	BDQ	ERR9593995	1
645	BEB	ERR9594003	1
646	BCK	ERR9593969	1
647	BMR	ERR9594145	1
648	BEE	ERR9594006	1
649	BND	ERR9594150	1
650	CQS	ERR9594510	1
651	BBM	ERR9593953	1
652	CPA	ERR9594477	1
653	ADE	ERR9593649	1
653	ADE	ERR9593650	2
655	SACE_YBV	ERR9594575	1
656	SACE_YAX	ERR9594556	1
657	SACE_YCG	ERR9594587	1
658	AAH	ERR9593596	1
659	AFS	ERR9593698	1
660	AGC	ERR9593703	1
663	ATV	ERR9593903	1
665	CBR	ERR9594283	1
667	CFH	ERR9594341	1
668	AEC	ERR9593666	1
669	CFD	ERR9594338	1
670	CFM	ERR9594343	1
671	AQT	ERR9593856	1
672	BRP	ERR9594209	1
674	AEB	ERR9593665	1
675	ASH	ERR9593880	1
676	BBG	ERR9593947	1
678	CGC	ERR9594351	1
678	CGC	ERR9594352	2
679	CNC	ERR9594461	1
680	BMQ	ERR9594143	1
680	BMQ	ERR9594144	2
681	ACN	ERR9593638	1
682	CBK	ERR9594279	1
684	AKI	ERR9593763	1
685	ADA	ERR9593645	1
686	ATE	ERR9593894	1
687	CBM	ERR9594280	1
688	ACA	ERR9593625	1
688	ACA	ERR9593626	2
689	ACB	ERR9593627	1
691	ADT	ERR9593661	1
692	SACE_GAV	ERR9594536	1
693	SACE_YCE	ERR9594585	1
694	SACE_YCH	ERR9594588	1
694	SACE_YCH	ERR9594589	2
695	CLG	ERR9594431	1
696	CQC	ERR9594495	1
697	CQD	ERR9594496	1
698	CQG	ERR9594499	1
699	CQI	ERR9594501	1
700	CQH	ERR9594500	1
701	CQL	ERR9594503	1
701	CQL	ERR9594504	2
702	ANN	ERR9593820	1
703	CQM	ERR9594505	1
704	CQE	ERR9594497	1
705	CQK	ERR9594502	1
706	CQF	ERR9594498	1
707	CQN	ERR9594506	1
708	CQP	ERR9594507	1
709	AKQ	ERR9593770	1
710	AKS	ERR9593772	1
711	ALG	ERR9593780	1
712	ABH	ERR9593614	1
713	SACE_YAN	ERR9594548	1
714	SACE_YBZ	ERR9594580	1
715	BTI	ERR9594233	1
716	CGB	ERR9594350	1
718	ABI	ERR9593615	1
719	SACE_YAT	ERR9594552	1
720	BSK	ERR9594217	1
721	BMD	ERR9594133	1
722	AAV	ERR9593606	1
723	BRV	ERR9594210	1
724	SACE_YAP	ERR9594549	1
725	SACE_YAQ	ERR9594550	1
726	SACE_YAR	ERR9594551	1
727	ABK	ERR9593616	1
728	SACE_YAU	ERR9594553	1
729	ABA	ERR9593607	1
730	SACE_YAV	ERR9594554	1
731	AAS	ERR9593604	1
732	AAT	ERR9593605	1
733	ABG	ERR9593613	1
734	SACE_YAK	ERR9594546	1
735	CEN	ERR9594330	1
736	SACE_YAW	ERR9594555	1
737	SACE_YBJ	ERR9594565	1
738	SACE_YBK	ERR9594566	1
739	SACE_YBL	ERR9594567	1
740	SACE_YBT	ERR9594573	1
741	ADK	ERR9593654	1
742	SACE_MAB	ERR9594538	1
743	CKA	ERR9594408	1
744	AGP	ERR9593713	1
745	SACE_YDH	ERR9594608	1
746	CHS	ERR9594383	1
747	CHT	ERR9594384	1
747	CHT	ERR9594385	2
748	ABD	ERR9593610	1
749	ATC	ERR9593891	1
749	ATC	ERR9593892	2
750	ATD	ERR9593893	1
751	ANA	ERR9593809	1
752	BBL	ERR9593952	1
753	CDC	ERR9594301	1
754	CDD	ERR9594302	1
755	CDE	ERR9594303	1
756	CPC	ERR9594479	1
757	BMF	ERR9594135	1
758	CKN	ERR9594420	1
759	CIG	ERR9594395	1
760	CIL	ERR9594399	1
761	AAG	ERR9593594	1
761	AAG	ERR9593595	2
762	AHA	ERR9593718	1
763	CII	ERR9594397	1
764	CIK	ERR9594398	1
765	BTA	ERR9594225	1
766	BDC	ERR9593983	1
767	BDF	ERR9593986	1
768	BDG	ERR9593987	1
769	CHQ	ERR9594381	1
770	ALR	ERR9593789	1
771	AEL	ERR9593672	1
772	AEE	ERR9593667	1
773	ARA	ERR9593857	1
774	ARB	ERR9593858	1
775	BTB	ERR9594226	1
776	ATB	ERR9593890	1
777	BIE	ERR9594080	1
778	BPA	ERR9594166	1
778	BPA	ERR9594167	2
779	AGT	ERR9593716	1
780	CIH	ERR9594396	1
781	ABF	ERR9593612	1
783	AEI	ERR9593671	1
784	AFG	ERR9593688	1
785	SACE_YBU	ERR9594574	1
786	SACE_YBM	ERR9594568	1
787	ABC	ERR9593609	1
789	SACE_YDN	ERR9594613	1
790	CIC	ERR9594391	1
791	CDK	ERR9594308	1
792	CEM	ERR9594329	1
793	CIF	ERR9594394	1
794	CID	ERR9594392	1
795	BBT	ERR9593958	1
796	CHN	ERR9594379	1
797	CHP	ERR9594380	1
798	CMG	ERR9594448	1
800	BDM	ERR9593992	1
801	ACI	ERR9593633	1
802	SACE_YCS	ERR9594599	1
803	ACL	ERR9593636	1
804	CEQ	ERR9594332	1
805	BAB	ERR9593920	1
806	AVV	ERR9593918	1
807	BAA	ERR9593919	1
808	BAD	ERR9593922	1
809	BAC	ERR9593921	1
810	BAE	ERR9593923	1
811	BAF	ERR9593924	1
811	BAF	ERR9593925	2
812	CFA	ERR9594336	1
813	SACE_GAL	ERR9594532	1
814	CPS	ERR9594491	1
814	CPS	ERR9594492	2
815	CPT	ERR9594493	1
817	CQB	ERR9594494	1
818	AHS	ERR9593736	1
819	ADV	ERR9593662	1
820	AKG	ERR9593761	1
821	SACE_YAC	ERR9594542	1
822	ADF	ERR9593651	1
823	AKB	ERR9593756	1
823	AKB	ERR9593757	2
824	AKD	ERR9593759	1
825	AKC	ERR9593758	1
826	AKE	ERR9593760	1
827	AKH	ERR9593762	1
828	APQ	ERR9593840	1
829	APR	ERR9593841	1
830	ATP	ERR9593899	1
831	SACE_YBP	ERR9594570	1
832	SACE_YCV	ERR9594602	1
833	BAM	ERR9593931	1
834	BAQ	ERR9593934	1
834	BAQ	ERR9593935	2
835	BAG	ERR9593926	1
836	BAH	ERR9593927	1
837	BAL	ERR9593930	1
838	AMH	ERR9593799	1
839	CEG	ERR9594323	1
840	CEI	ERR9594325	1
840	CEI	ERR9594326	2
841	CCQ	ERR9594295	1
842	CCR	ERR9594296	1
843	CCS	ERR9594297	1
844	BAK	ERR9593929	1
845	BAI	ERR9593928	1
846	ACQ	ERR9593640	1
847	CCN	ERR9594293	1
848	CDL	ERR9594309	1
849	SACE_YCR	ERR9594598	1
850	BMA	ERR9594130	1
851	AKM	ERR9593767	1
852	BMB	ERR9594131	1
853	BMC	ERR9594132	1
854	SACE_MAL	ERR9594539	1
856	ABL	ERR9593617	1
857	SACE_YCB	ERR9594582	1
858	AMM	ERR9593803	1
859	BAN	ERR9593932	1
860	BAP	ERR9593933	1
861	CMP	ERR9594456	1
862	CCH	ERR9594289	1
862	CCH	ERR9594290	2
863	ACC	ERR9593628	1
864	CCC	ERR9594284	1
865	CCD	ERR9594285	1
866	CCE	ERR9594286	1
867	CCF	ERR9594287	1
868	CCG	ERR9594288	1
870	CMQ	ERR9594457	1
873	CDN	ERR9594311	1
874	BFA	ERR9594022	1
875	BFL	ERR9594030	1
876	AMB	ERR9593794	1
877	AMC	ERR9593795	1
878	CDQ	ERR9594314	1
879	SACE_GAS	ERR9594534	1
879	SACE_GAS	ERR9594535	2
881	CDF	ERR9594304	1
882	CDG	ERR9594305	1
883	CDH	ERR9594306	1
884	CDI	ERR9594307	1
885	AMD	ERR9593796	1
886	AMF	ERR9593797	1
887	CEH	ERR9594324	1
888	CCP	ERR9594294	1
889	BEG	ERR9594008	1
890	CDB	ERR9594300	1
891	AVI	ERR9593908	1
892	ACD	ERR9593629	1
893	ANF	ERR9593813	1
894	ANH	ERR9593815	1
895	ANC	ERR9593810	1
896	ANE	ERR9593812	1
897	ANG	ERR9593814	1
898	AND	ERR9593811	1
899	ANK	ERR9593817	1
900	ANI	ERR9593816	1
901	AKN	ERR9593768	1
902	SACE_YBS	ERR9594572	1
903	SACE_YCU	ERR9594601	1
904	BBR	ERR9593956	1
905	SACE_YCO	ERR9594595	1
906	CMS	ERR9594458	1
907	ADG	ERR9593652	1
908	CDP	ERR9594312	1
908	CDP	ERR9594313	2
909	SACE_YDI	ERR9594609	1
910	ARH	ERR9593862	1
911	ARI	ERR9593863	1
912	AFK	ERR9593691	1
913	AHH	ERR9593727	1
915	CCV	ERR9594298	1
916	CDA	ERR9594299	1
917	AGR	ERR9593714	1
918	ARG	ERR9593861	1
919	SACE_YCM	ERR9594593	1
920	SACE_YDE	ERR9594606	1
921	SACE_YCN	ERR9594594	1
922	ASM	ERR9593882	1
923	CGH	ERR9594357	1
924	CEP	ERR9594331	1
925	CKR	ERR9594423	1
926	ARP	ERR9593868	1
927	AEF	ERR9593668	1
928	CMH	ERR9594449	1
928	CMH	ERR9594450	2
929	ARM	ERR9593866	1
930	CLI	ERR9594433	1
931	CMK	ERR9594452	1
932	CLQ	ERR9594438	1
933	CLN	ERR9594436	1
934	AFN	ERR9593694	1
935	ADQ	ERR9593658	1
936	AFM	ERR9593693	1
937	APA	ERR9593827	1
938	BTS	ERR9594238	1
939	ANT	ERR9593825	1
940	ANR	ERR9593823	1
941	ANV	ERR9593826	1
942	ADN	ERR9593657	1
943	CMF	ERR9594447	1
944	CMI	ERR9594451	1
945	AAD	ERR9593592	1
946	ANS	ERR9593824	1
947	AQN	ERR9593851	1
949	CMN	ERR9594455	1
950	APC	ERR9593828	1
951	APD	ERR9593829	1
952	AVC	ERR9593905	1
953	CMD	ERR9594445	1
954	CLP	ERR9594437	1
955	CMC	ERR9594444	1
956	APF	ERR9593831	1
957	APE	ERR9593830	1
958	AVD	ERR9593906	1
959	AVM	ERR9593911	1
960	CLT	ERR9594441	1
961	CLS	ERR9594440	1
962	CME	ERR9594446	1
963	CLL	ERR9594435	1
964	CLR	ERR9594439	1
965	CML	ERR9594453	1
966	CMM	ERR9594454	1
967	CMB	ERR9594443	1
968	AVL	ERR9593910	1
969	CLV	ERR9594442	1
970	CLK	ERR9594434	1
971	CQQ	ERR9594508	1
972	CQR	ERR9594509	1
973	AHQ	ERR9593734	1
974	CGL	ERR9594360	1
975	AFH	ERR9593689	1
976	AGG	ERR9593705	1
977	AEP	ERR9593675	1
978	CEV	ERR9594335	1
979	CGI	ERR9594358	1
980	CGN	ERR9594361	1
981	CGP	ERR9594362	1
982	CGG	ERR9594355	1
982	CGG	ERR9594356	2
983	CGR	ERR9594364	1
984	AQS	ERR9593855	1
985	BEH	ERR9594009	1
985	BEH	ERR9594010	2
986	ACM	ERR9593637	1
987	AKL	ERR9593764	1
987	AKL	ERR9593765	2
987	AKL	ERR9593766	2
988	ABB	ERR9593608	1
989	ACK	ERR9593634	1
989	ACK	ERR9593635	2
992	ALB	ERR9593776	1
993	AKR	ERR9593771	1
994	ALC	ERR9593777	1
995	ALH	ERR9593781	1
996	ALA	ERR9593775	1
997	ALK	ERR9593783	1
998	CGQ	ERR9594363	1
999	BRG	ERR9594204	1
1000	CGK	ERR9594359	1
1001	CHM	ERR9594378	1
1002	BHP	ERR9594070	1
1003	BHQ	ERR9594071	1
1004	BHR	ERR9594072	1
1005	BHS	ERR9594073	1
1006	BEF	ERR9594007	1
1007	CEK	ERR9594327	1
1008	CEL	ERR9594328	1
1009	SACE_YCJ	ERR9594591	1
1010	SACE_YCK	ERR9594592	1
1011	SACE_YDK	ERR9594611	1
NA	Y4-5	ERR9594522	1
NA	FY46	ERR9594523	1
NA	JLA	ERR9594524	1
NA	JLD	ERR9594525	1
NA	JLG	ERR9594526	1
NA	JLL	ERR9594527	1
NA	JLL	ERR9594528	2
NA	JLN	ERR9594529	1
NA	JLZ	ERR9594530	1
NA	M-11	ERR9594531	1
NA	XTRA_DCN	ERR9594615	1
NA	XTRA_DCO	ERR9594616	1
NA	XTRA_DCP	ERR9594617	1
NA	XTRA_DCT	ERR9594618	1
NA	XTRA_DCU	ERR9594619	1
NA	XTRA_DCV	ERR9594620	1
NA	XTRA_DCW	ERR9594621	1
NA	XTRA_DCZ	ERR9594622	1
NA	XTRA_DDB	ERR9594623	1
NA	XTRA_DGH	ERR9594624	1
NA	XTRA_DGR	ERR9594625	1
NA	XTRA_DGT	ERR9594626	1
NA	XTRA_DGT	ERR9594627	2
NA	XTRA_DGU	ERR9594628	1
NA	XTRA_DGW	ERR9594629	1
NA	XTRA_DGX	ERR9594630	1
NA	XTRA_DGY	ERR9594631	1
NA	XTRA_DHB	ERR9594632	1
NA	XTRA_DHE	ERR9594633	1
NA	XTRA_DHJ	ERR9594634	1
NA	XTRA_DHK	ERR9594635	1
NA	XTRA_DHQ	ERR9594636	1
NA	XTRA_DJR	ERR9594637	1
NA	XTRA_DXL	ERR9594638	1